<?xml version = '1.0' encoding = 'UTF-8'?>
<Table class="oracle.dbtools.crest.model.design.relational.Table" directorySegmentName="seg_0" id="2EAC3235-241C-A2FA-A39E-22F5D54579E2" name="CLIENTE">
<createdBy>ITLocaliza</createdBy>
<createdTime>2023-09-04 14:27:57 UTC</createdTime>
<generatorID>8143F203-B2BF-4DCB-AA41-DF50B039E0B1</generatorID>
<ownerDesignName>ModelosDB</ownerDesignName>
<abbreviation>CLI</abbreviation>
<allowColumnReorder>false</allowColumnReorder>
<existDependencyGenerateInDDl>true</existDependencyGenerateInDDl>
<parsed>true</parsed>
<columns itemClass="oracle.dbtools.crest.model.design.relational.Column">
<Column name="CLI_ID" id="B55EBCFF-8904-98DD-DDE8-691936E6479A">
<createdBy>ITLocaliza</createdBy>
<createdTime>2023-09-04 14:27:57 UTC</createdTime>
<ownerDesignName>ModelosDB</ownerDesignName>
<useDomainConstraints>false</useDomainConstraints>
<use>1</use>
<logicalDatatype>LOGDT019</logicalDatatype>
<ownDataTypeParameters>,,</ownDataTypeParameters>
<autoIncrementColumn>true</autoIncrementColumn>
<identityColumn>true</identityColumn>
<autoIncrementCycle>false</autoIncrementCycle>
<isSurrogateColumn>true</isSurrogateColumn>
</Column>
<Column name="NOMBRE" id="F6430D58-AAF6-8F31-A766-AF820194B7DC">
<createdBy>ITLocaliza</createdBy>
<createdTime>2023-09-05 20:16:19 UTC</createdTime>
<ownerDesignName>ModelosDB</ownerDesignName>
<useDomainConstraints>false</useDomainConstraints>
<use>1</use>
<logicalDatatype>LOGDT024</logicalDatatype>
<dataTypeSize>100</dataTypeSize>
<ownDataTypeParameters>100,,</ownDataTypeParameters>
<autoIncrementCycle>false</autoIncrementCycle>
</Column>
<Column name="TELEFONO" id="0D1F87FC-3A0E-5755-E968-996E289D1F23">
<createdBy>ITLocaliza</createdBy>
<createdTime>2023-09-05 20:16:19 UTC</createdTime>
<ownerDesignName>ModelosDB</ownerDesignName>
<nullsAllowed>true</nullsAllowed>
<useDomainConstraints>false</useDomainConstraints>
<use>1</use>
<logicalDatatype>LOGDT024</logicalDatatype>
<dataTypeSize>15</dataTypeSize>
<ownDataTypeParameters>15,,</ownDataTypeParameters>
<autoIncrementCycle>false</autoIncrementCycle>
</Column>
<Column name="CORREO" id="C075864A-69C1-DEB8-3F57-00A414BBFD87">
<createdBy>ITLocaliza</createdBy>
<createdTime>2023-09-08 13:56:25 UTC</createdTime>
<ownerDesignName>ModelosDB</ownerDesignName>
<nullsAllowed>true</nullsAllowed>
<useDomainConstraints>false</useDomainConstraints>
<use>1</use>
<logicalDatatype>LOGDT024</logicalDatatype>
<dataTypeSize>150</dataTypeSize>
<ownDataTypeParameters>150,,</ownDataTypeParameters>
<autoIncrementCycle>false</autoIncrementCycle>
</Column>
</columns>
<indexes itemClass="oracle.dbtools.crest.model.design.relational.Index">
<ind_PK_UK id="3FA02CB2-33B1-3E84-A9B3-58ED15B852FF" name="CLI_PK">
<createdBy>ITLocaliza</createdBy>
<createdTime>2023-09-04 14:27:57 UTC</createdTime>
<ownerDesignName>ModelosDB</ownerDesignName>
<pk>true</pk>
<indexState>Primary Constraint</indexState>
<indexColumnUsage>
<colUsage columnID="B55EBCFF-8904-98DD-DDE8-691936E6479A"/>
</indexColumnUsage>
</ind_PK_UK>
</indexes>
</Table>