<?xml version = '1.0' encoding = 'UTF-8'?>
<Table class="oracle.dbtools.crest.model.design.relational.Table" directorySegmentName="seg_0" id="6555296A-4222-E570-437D-3186098E8C47" name="EQUIPO">
<createdBy>ITLocaliza</createdBy>
<createdTime>2023-09-04 14:27:57 UTC</createdTime>
<generatorID>8B82D4F5-52FB-2ECE-9163-EA506DAC29E2</generatorID>
<ownerDesignName>ModelosDB</ownerDesignName>
<abbreviation>EQUI</abbreviation>
<allowColumnReorder>false</allowColumnReorder>
<existDependencyGenerateInDDl>true</existDependencyGenerateInDDl>
<parsed>true</parsed>
<columns itemClass="oracle.dbtools.crest.model.design.relational.Column">
<Column name="EQUI_ID" id="A0AE0256-9D49-3674-B958-A41DF30613BC">
<createdBy>ITLocaliza</createdBy>
<createdTime>2023-09-04 14:27:57 UTC</createdTime>
<ownerDesignName>ModelosDB</ownerDesignName>
<useDomainConstraints>false</useDomainConstraints>
<use>1</use>
<logicalDatatype>LOGDT019</logicalDatatype>
<ownDataTypeParameters>,,</ownDataTypeParameters>
<autoIncrementColumn>true</autoIncrementColumn>
<identityColumn>true</identityColumn>
<autoIncrementCycle>false</autoIncrementCycle>
<isSurrogateColumn>true</isSurrogateColumn>
</Column>
<Column name="MARCA" id="2A5B56A5-B1CD-C256-EB0C-EEDD3F2F6BD6">
<createdBy>ITLocaliza</createdBy>
<createdTime>2023-09-05 20:23:33 UTC</createdTime>
<ownerDesignName>ModelosDB</ownerDesignName>
<useDomainConstraints>false</useDomainConstraints>
<use>1</use>
<logicalDatatype>LOGDT024</logicalDatatype>
<dataTypeSize>50</dataTypeSize>
<ownDataTypeParameters>50,,</ownDataTypeParameters>
<autoIncrementCycle>false</autoIncrementCycle>
</Column>
<Column name="MODELO" id="572C1A42-4304-E348-F27A-C611CCA4A5FB">
<createdBy>ITLocaliza</createdBy>
<createdTime>2023-09-05 20:23:33 UTC</createdTime>
<ownerDesignName>ModelosDB</ownerDesignName>
<useDomainConstraints>false</useDomainConstraints>
<use>1</use>
<logicalDatatype>LOGDT024</logicalDatatype>
<dataTypeSize>20</dataTypeSize>
<ownDataTypeParameters>20,,</ownDataTypeParameters>
<autoIncrementCycle>false</autoIncrementCycle>
</Column>
<Column name="IMEI" id="665C36E2-DFF4-5849-0BEE-0C208EF047E8">
<createdBy>ITLocaliza</createdBy>
<createdTime>2023-09-05 20:23:33 UTC</createdTime>
<ownerDesignName>ModelosDB</ownerDesignName>
<useDomainConstraints>false</useDomainConstraints>
<use>1</use>
<logicalDatatype>LOGDT019</logicalDatatype>
<ownDataTypeParameters>,,</ownDataTypeParameters>
<autoIncrementCycle>false</autoIncrementCycle>
</Column>
<Column name="ESTADO" id="07416254-AD38-1628-282F-DB91BB933DB3">
<createdBy>ITLocaliza</createdBy>
<createdTime>2023-09-06 14:14:47 UTC</createdTime>
<ownerDesignName>ModelosDB</ownerDesignName>
<useDomainConstraints>false</useDomainConstraints>
<use>1</use>
<logicalDatatype>LOGDT024</logicalDatatype>
<dataTypeSize>25</dataTypeSize>
<ownDataTypeParameters>25,,</ownDataTypeParameters>
<autoIncrementCycle>false</autoIncrementCycle>
</Column>
</columns>
<indexes itemClass="oracle.dbtools.crest.model.design.relational.Index">
<ind_PK_UK id="120E1386-F6D1-0CDB-7869-06C2FE8E51DD" name="EQUI_PK">
<createdBy>ITLocaliza</createdBy>
<createdTime>2023-09-04 14:27:57 UTC</createdTime>
<ownerDesignName>ModelosDB</ownerDesignName>
<pk>true</pk>
<indexState>Primary Constraint</indexState>
<indexColumnUsage>
<colUsage columnID="A0AE0256-9D49-3674-B958-A41DF30613BC"/>
</indexColumnUsage>
</ind_PK_UK>
</indexes>
</Table>