<?xml version = '1.0' encoding = 'UTF-8'?>
<Table class="oracle.dbtools.crest.model.design.relational.Table" directorySegmentName="seg_0" id="8E8D775E-E810-4DA1-3768-CD7885607D47" name="BAJAS_EQUIPOS">
<createdBy>ITLocaliza</createdBy>
<createdTime>2023-09-04 14:27:57 UTC</createdTime>
<generatorID>DBBF6724-F0CF-ABBF-3633-2D5632BB8C97</generatorID>
<ownerDesignName>ModelosDB</ownerDesignName>
<abbreviation>BAJAS_EQUI</abbreviation>
<allowColumnReorder>false</allowColumnReorder>
<existDependencyGenerateInDDl>true</existDependencyGenerateInDDl>
<parsed>true</parsed>
<columns itemClass="oracle.dbtools.crest.model.design.relational.Column">
<Column name="BAJAS_ID" id="FFE1FB86-2970-2059-E4D0-0D4540AD9B2D">
<createdBy>ITLocaliza</createdBy>
<createdTime>2023-09-05 20:36:54 UTC</createdTime>
<ownerDesignName>ModelosDB</ownerDesignName>
<useDomainConstraints>false</useDomainConstraints>
<use>1</use>
<logicalDatatype>LOGDT019</logicalDatatype>
<ownDataTypeParameters>,,</ownDataTypeParameters>
<autoIncrementCycle>false</autoIncrementCycle>
</Column>
<Column name="IMEI" id="935201E8-4493-5186-3886-45BAAA2F7457">
<createdBy>ITLocaliza</createdBy>
<createdTime>2023-09-05 20:36:54 UTC</createdTime>
<ownerDesignName>ModelosDB</ownerDesignName>
<useDomainConstraints>false</useDomainConstraints>
<use>1</use>
<logicalDatatype>LOGDT019</logicalDatatype>
<ownDataTypeParameters>,,</ownDataTypeParameters>
<autoIncrementCycle>false</autoIncrementCycle>
</Column>
<Column name="FECHA_BAJA" id="9E34173F-31C2-78EF-C29A-F308E13BDC4C">
<createdBy>ITLocaliza</createdBy>
<createdTime>2023-09-05 20:36:54 UTC</createdTime>
<ownerDesignName>ModelosDB</ownerDesignName>
<useDomainConstraints>false</useDomainConstraints>
<use>1</use>
<logicalDatatype>LOGDT008</logicalDatatype>
<ownDataTypeParameters>,,</ownDataTypeParameters>
<autoIncrementCycle>false</autoIncrementCycle>
</Column>
</columns>
<indexes itemClass="oracle.dbtools.crest.model.design.relational.Index">
<ind_PK_UK id="ADF5807D-16F5-25DD-5319-2BB5BD54C29E" name="BAJAS_EQUIPOS_PK">
<createdBy>ITLocaliza</createdBy>
<createdTime>2023-09-05 20:36:54 UTC</createdTime>
<ownerDesignName>ModelosDB</ownerDesignName>
<pk>true</pk>
<indexState>Primary Constraint</indexState>
<isSurrogateKey>false</isSurrogateKey>
<indexColumnUsage>
<colUsage columnID="FFE1FB86-2970-2059-E4D0-0D4540AD9B2D"/>
</indexColumnUsage>
</ind_PK_UK>
</indexes>
</Table>