<?xml version = '1.0' encoding = 'UTF-8'?>
<Table class="oracle.dbtools.crest.model.design.relational.Table" directorySegmentName="seg_0" id="8F7E78FD-ECB5-CAC8-6DA3-369F2C30845B" name="USUARIOS">
<createdBy>ITLocaliza</createdBy>
<createdTime>2023-09-04 14:27:57 UTC</createdTime>
<generatorID>1381B24C-7CC9-879D-6767-371DDE65BCB2</generatorID>
<ownerDesignName>ModelosDB</ownerDesignName>
<abbreviation>USU</abbreviation>
<allowColumnReorder>false</allowColumnReorder>
<existDependencyGenerateInDDl>true</existDependencyGenerateInDDl>
<parsed>true</parsed>
<columns itemClass="oracle.dbtools.crest.model.design.relational.Column">
<Column name="ID" id="5263BB36-FB5C-E8EF-CFE9-BBF67002C08D">
<createdBy>ITLocaliza</createdBy>
<createdTime>2023-09-05 19:54:48 UTC</createdTime>
<ownerDesignName>ModelosDB</ownerDesignName>
<useDomainConstraints>false</useDomainConstraints>
<use>1</use>
<logicalDatatype>LOGDT019</logicalDatatype>
<ownDataTypeParameters>,,</ownDataTypeParameters>
<autoIncrementCycle>false</autoIncrementCycle>
</Column>
<Column name="USER" id="8243E75A-2671-39C3-6F0E-97ECF834B579">
<createdBy>ITLocaliza</createdBy>
<createdTime>2023-09-05 19:54:48 UTC</createdTime>
<ownerDesignName>ModelosDB</ownerDesignName>
<useDomainConstraints>false</useDomainConstraints>
<use>1</use>
<logicalDatatype>LOGDT024</logicalDatatype>
<dataTypeSize>15</dataTypeSize>
<ownDataTypeParameters>15,,</ownDataTypeParameters>
<autoIncrementCycle>false</autoIncrementCycle>
</Column>
<Column name="PASSWORD" id="E0FFA8AB-614A-344D-4036-6D2C3BAD0DE6">
<createdBy>ITLocaliza</createdBy>
<createdTime>2023-09-05 19:54:48 UTC</createdTime>
<ownerDesignName>ModelosDB</ownerDesignName>
<useDomainConstraints>false</useDomainConstraints>
<use>1</use>
<logicalDatatype>LOGDT024</logicalDatatype>
<dataTypeSize>8</dataTypeSize>
<ownDataTypeParameters>8,,</ownDataTypeParameters>
<autoIncrementCycle>false</autoIncrementCycle>
</Column>
<Column name="ROL" id="82BCC0F5-A0B7-B547-6311-6CD4A6986E89">
<createdBy>ITLocaliza</createdBy>
<createdTime>2023-09-05 19:56:35 UTC</createdTime>
<ownerDesignName>ModelosDB</ownerDesignName>
<useDomainConstraints>false</useDomainConstraints>
<use>1</use>
<logicalDatatype>LOGDT024</logicalDatatype>
<dataTypeSize>15</dataTypeSize>
<ownDataTypeParameters>15,,</ownDataTypeParameters>
<autoIncrementCycle>false</autoIncrementCycle>
</Column>
</columns>
<indexes itemClass="oracle.dbtools.crest.model.design.relational.Index">
<ind_PK_UK id="415FEB95-60C1-3F54-E539-535DA9452CFE" name="USUARIOS_PK">
<createdBy>ITLocaliza</createdBy>
<createdTime>2023-09-05 19:54:48 UTC</createdTime>
<ownerDesignName>ModelosDB</ownerDesignName>
<pk>true</pk>
<indexState>Primary Constraint</indexState>
<isSurrogateKey>false</isSurrogateKey>
<indexColumnUsage>
<colUsage columnID="5263BB36-FB5C-E8EF-CFE9-BBF67002C08D"/>
</indexColumnUsage>
</ind_PK_UK>
</indexes>
</Table>