<?xml version = '1.0' encoding = 'UTF-8'?>
<relationalModel class="oracle.dbtools.crest.model.design.relational.RelationalDesign" name="Relational_1" id="ACB0EEB5-66D9-3469-92C6-D15704CC40B7" mainViewID="0912BD24-6C96-5CA8-5074-1C605535CD66">
<createdBy>ITLocaliza</createdBy>
<createdTime>2023-09-04 13:42:25 UTC</createdTime>
<ownerDesignName>ModelosDB</ownerDesignName>
<shouldBeOpen>false</shouldBeOpen>
<selectedRDBMSSite>32076570-2523-435C-2E92-BF29817DFF70</selectedRDBMSSite>
</relationalModel>