<?xml version = '1.0' encoding = 'UTF-8'?>
<FKIndexAssociation class="oracle.dbtools.crest.model.design.relational.FKIndexAssociation" directorySegmentName="seg_0" id="9EA79BA6-C104-9637-61BA-1976F1FEAEAF" containerWithKeyObject="9AE864E0-57E8-B386-4C08-A067070DF36B" localFKIndex="78077593-874E-06BD-4E99-CD46086D8461" name="ASIGNACION_PLATAFORMA_ACTIVO_FK">
<createdBy>ITLocaliza</createdBy>
<createdTime>2023-09-05 20:50:51 UTC</createdTime>
<generatorID>4621F349-A8A1-91CC-455D-5399ED0893EB</generatorID>
<ownerDesignName>ModelosDB</ownerDesignName>
<referredTableLongName>ACTIVO</referredTableLongName>
<deleteRule>NO ACTION</deleteRule>
<referredTableID>C2888592-AF50-825C-7E47-2974652A4217</referredTableID>
<keyObject>F1C07C74-90E3-EAAE-8B07-48D6AFFB4CCB</keyObject>
<referredKeyID>F1C07C74-90E3-EAAE-8B07-48D6AFFB4CCB</referredKeyID>
<mandatory>true</mandatory>
<refColNames>ACT_ID</refColNames>
<transferable>true</transferable>
<rely>false</rely>
<columnDependencyConstraintGenerateInDDL>true</columnDependencyConstraintGenerateInDDL>
</FKIndexAssociation>