<?xml version = '1.0' encoding = 'UTF-8'?>
<FKIndexAssociation class="oracle.dbtools.crest.model.design.relational.FKIndexAssociation" directorySegmentName="seg_0" id="DCF70160-207E-5728-9A57-D330680ACE22" containerWithKeyObject="356B3DF4-8C44-84AC-7726-B1E1932F9668" localFKIndex="4A86EB97-FF66-853B-DBDD-90797EBE7E45" name="ASIGNACION_EQUIPO_ACTIVO_FK">
<createdBy>ITLocaliza</createdBy>
<createdTime>2023-09-04 14:27:57 UTC</createdTime>
<generatorID>B73B90CD-C041-AEBF-FC72-135FF254C29C</generatorID>
<ownerDesignName>ModelosDB</ownerDesignName>
<referredTableLongName>ACTIVO</referredTableLongName>
<deleteRule>NO ACTION</deleteRule>
<referredTableID>C2888592-AF50-825C-7E47-2974652A4217</referredTableID>
<keyObject>F1C07C74-90E3-EAAE-8B07-48D6AFFB4CCB</keyObject>
<referredKeyID>F1C07C74-90E3-EAAE-8B07-48D6AFFB4CCB</referredKeyID>
<mandatory>true</mandatory>
<refColNames>ACT_ID</refColNames>
<transferable>true</transferable>
<rely>false</rely>
<columnDependencyConstraintGenerateInDDL>true</columnDependencyConstraintGenerateInDDL>
</FKIndexAssociation>