<?xml version = '1.0' encoding = 'UTF-8'?>
<Relation class="oracle.dbtools.crest.model.design.logical.Relation" name="EQUI-ASIG_SIM" directorySegmentName="seg_0" id="74457EFB-75E6-A298-990E-F926072A3F90">
<createdBy>ITLocaliza</createdBy>
<createdTime>2023-09-04 14:07:29 UTC</createdTime>
<ownerDesignName>ModelosDB</ownerDesignName>
<engineerTo>
<item key="ACB0EEB5-66D9-3469-92C6-D15704CC40B7" value="true"/>
</engineerTo>
<identifying>false</identifying>
<optionalSource>false</optionalSource>
<optionalTarget>false</optionalTarget>
<sourceCardinality>1</sourceCardinality>
<sourceEntity>8B82D4F5-52FB-2ECE-9163-EA506DAC29E2</sourceEntity>
<targetCardinalityString>*</targetCardinalityString>
<targetEntity>53309A38-D02B-F8EC-2B74-AB9BF48EAA40</targetEntity>
<transferable>true</transferable>
<deleteRule>NO ACTION</deleteRule>
</Relation>