<?xml version = '1.0' encoding = 'UTF-8'?>
<Relation class="oracle.dbtools.crest.model.design.logical.Relation" name="ACT-ASIG_EQUI" directorySegmentName="seg_0" id="B73B90CD-C041-AEBF-FC72-135FF254C29C">
<createdBy>ITLocaliza</createdBy>
<createdTime>2023-09-04 14:08:47 UTC</createdTime>
<ownerDesignName>ModelosDB</ownerDesignName>
<engineerTo>
<item key="ACB0EEB5-66D9-3469-92C6-D15704CC40B7" value="true"/>
</engineerTo>
<identifying>false</identifying>
<optionalSource>false</optionalSource>
<optionalTarget>false</optionalTarget>
<sourceCardinality>1</sourceCardinality>
<sourceEntity>D851DBF3-FD4A-FC2E-4253-D0A34CBC2890</sourceEntity>
<targetCardinalityString>*</targetCardinalityString>
<targetEntity>55869191-2D04-2122-9055-8D8A80EB4C57</targetEntity>
<transferable>true</transferable>
<deleteRule>NO ACTION</deleteRule>
</Relation>