<?xml version = '1.0' encoding = 'UTF-8'?>
<Entity class="oracle.dbtools.crest.model.design.logical.Entity" directorySegmentName="seg_0" id="13FA28C3-286D-00DB-B312-B3AA12B2C0A4" name="ASIGNACION_PLATAFORMA">
<createdBy>ITLocaliza</createdBy>
<createdTime>2023-09-05 20:48:32 UTC</createdTime>
<ownerDesignName>ModelosDB</ownerDesignName>
<engineerTo>
<item key="ACB0EEB5-66D9-3469-92C6-D15704CC40B7" value="true"/>
</engineerTo>
<adequatelyNormalized>NO</adequatelyNormalized>
<expectedVolumes>0</expectedVolumes>
<fwdEngineeringStrategyName>Single Table</fwdEngineeringStrategyName>
<growthPercent>0</growthPercent>
<growthType>Year</growthType>
<maxVolumes>9999999</maxVolumes>
<minVolumes>0</minVolumes>
<normalForm>Third</normalForm>
<shortName>ASIG-PLAT</shortName>
</Entity>