<?xml version = '1.0' encoding = 'UTF-8'?>
<Entity class="oracle.dbtools.crest.model.design.logical.Entity" directorySegmentName="seg_0" id="55869191-2D04-2122-9055-8D8A80EB4C57" name="ASIGNACION_EQUIPO">
<createdBy>ITLocaliza</createdBy>
<createdTime>2023-09-04 13:52:07 UTC</createdTime>
<ownerDesignName>ModelosDB</ownerDesignName>
<engineerTo>
<item key="ACB0EEB5-66D9-3469-92C6-D15704CC40B7" value="true"/>
</engineerTo>
<adequatelyNormalized>NO</adequatelyNormalized>
<expectedVolumes>0</expectedVolumes>
<fwdEngineeringStrategyName>Single Table</fwdEngineeringStrategyName>
<growthPercent>0</growthPercent>
<growthType>Year</growthType>
<maxVolumes>9999999</maxVolumes>
<minVolumes>0</minVolumes>
<normalForm>Third</normalForm>
<shortName>ASIG_EQUI</shortName>
</Entity>