<?xml version = '1.0' encoding = 'UTF-8'?>
<Entity class="oracle.dbtools.crest.model.design.logical.Entity" directorySegmentName="seg_0" id="DBBF6724-F0CF-ABBF-3633-2D5632BB8C97" name="BAJAS_EQUIPOS">
<createdBy>ITLocaliza</createdBy>
<createdTime>2023-09-04 14:00:42 UTC</createdTime>
<ownerDesignName>ModelosDB</ownerDesignName>
<engineerTo>
<item key="ACB0EEB5-66D9-3469-92C6-D15704CC40B7" value="true"/>
</engineerTo>
<adequatelyNormalized>NO</adequatelyNormalized>
<expectedVolumes>0</expectedVolumes>
<fwdEngineeringStrategyName>Single Table</fwdEngineeringStrategyName>
<growthPercent>0</growthPercent>
<growthType>Year</growthType>
<maxVolumes>9999999</maxVolumes>
<minVolumes>0</minVolumes>
<normalForm>Third</normalForm>
<shortName>BAJAS_EQUI</shortName>
</Entity>