<?xml version = '1.0' encoding = 'UTF-8'?>
<Diagram class="oracle.dbtools.crest.swingui.logical.DPVLogical" name="Logical" id="3B30D51F-9B63-D1D1-A0B9-4B23913903AA">
<createdBy>ITLocaliza</createdBy>
<modifiedBy>ITLocaliza</modifiedBy>
<createdTime>2023-09-04 13:44:03 UTC</createdTime>
<autoRoute>false</autoRoute>
<boxInbox>true</boxInbox>
<showLegend>false</showLegend>
<showLabels>false</showLabels>
<showRelAttributes>false</showRelAttributes>
<gridEnabled>false</gridEnabled>
<showGrid>false</showGrid>
<diagramColor>-1</diagramColor>
<display>false</display>
<notation>1</notation>
<objectViews>
<OView class="oracle.dbtools.crest.swingui.logical.TVEntity" oid="1381B24C-7CC9-879D-6767-371DDE65BCB2" otype="Entity" vid="45F2CC7F-47E0-6848-EE30-7A6B7AAB5721">
<hideElementsInCurrentOnly>false</hideElementsInCurrentOnly>
<bounds x="435" y="482" width="157" height="54"/>
</OView>
<OView class="oracle.dbtools.crest.swingui.logical.TVEntity" oid="13FA28C3-286D-00DB-B312-B3AA12B2C0A4" otype="Entity" vid="2D9692C1-5F31-72D9-EF00-ACAE00339F38">
<hideElementsInCurrentOnly>false</hideElementsInCurrentOnly>
<bounds x="559" y="300" width="170" height="69"/>
</OView>
<OView class="oracle.dbtools.crest.swingui.logical.TVEntity" oid="251594E2-0637-32E3-91B9-F7C9D14B99A9" otype="Entity" vid="70459F38-1373-9C3B-7405-4BD6774FA1D1">
<hideElementsInCurrentOnly>false</hideElementsInCurrentOnly>
<bounds x="58" y="54" width="114" height="48"/>
</OView>
<OView class="oracle.dbtools.crest.swingui.logical.TVEntity" oid="3479C2C2-8F71-EF13-F555-2032296C5B9D" otype="Entity" vid="6C1064CB-9306-5680-82D1-D0390C91EE10">
<hideElementsInCurrentOnly>false</hideElementsInCurrentOnly>
<bounds x="29" y="333" width="155" height="58"/>
</OView>
<OView class="oracle.dbtools.crest.swingui.logical.TVEntity" oid="53309A38-D02B-F8EC-2B74-AB9BF48EAA40" otype="Entity" vid="82DF2E6D-C02A-3C76-3769-231414A60AEF">
<hideElementsInCurrentOnly>false</hideElementsInCurrentOnly>
<bounds x="165" y="180" width="155" height="52"/>
</OView>
<OView class="oracle.dbtools.crest.swingui.logical.TVEntity" oid="55869191-2D04-2122-9055-8D8A80EB4C57" otype="Entity" vid="9B9069E3-90B9-DC01-AFE2-FDBDE193A46E">
<hideElementsInCurrentOnly>false</hideElementsInCurrentOnly>
<bounds x="412" y="180" width="148" height="59"/>
</OView>
<OView class="oracle.dbtools.crest.swingui.logical.TVEntity" oid="8143F203-B2BF-4DCB-AA41-DF50B039E0B1" otype="Entity" vid="7447722D-800C-B9AD-3873-F67F12DC988A">
<hideElementsInCurrentOnly>false</hideElementsInCurrentOnly>
<bounds x="841" y="55" width="150" height="60"/>
</OView>
<OView class="oracle.dbtools.crest.swingui.logical.TVEntity" oid="8B82D4F5-52FB-2ECE-9163-EA506DAC29E2" otype="Entity" vid="FF036532-B599-77FC-65B0-732E34301AF9">
<hideElementsInCurrentOnly>false</hideElementsInCurrentOnly>
<bounds x="311" y="52" width="142" height="57"/>
</OView>
<OView class="oracle.dbtools.crest.swingui.logical.TVEntity" oid="8C722C2B-EDA8-AF61-4C7C-A8DD8D52663A" otype="Entity" vid="986362C9-2D93-D0B8-1814-EDCA0D3D65EE">
<hideElementsInCurrentOnly>false</hideElementsInCurrentOnly>
<bounds x="729" y="179" width="159" height="62"/>
</OView>
<OView class="oracle.dbtools.crest.swingui.logical.TVEntity" oid="A6ED52F5-5F20-B85D-B265-37C9005AC778" otype="Entity" vid="152AF465-48C9-C127-4331-95EB65FB5EE8">
<hideElementsInCurrentOnly>false</hideElementsInCurrentOnly>
<bounds x="879" y="499" width="148" height="51"/>
</OView>
<OView class="oracle.dbtools.crest.swingui.logical.TVEntity" oid="D851DBF3-FD4A-FC2E-4253-D0A34CBC2890" otype="Entity" vid="1334A598-CA08-49B0-9170-55EA425C1B1E">
<hideElementsInCurrentOnly>false</hideElementsInCurrentOnly>
<bounds x="559" y="50" width="143" height="59"/>
</OView>
<OView class="oracle.dbtools.crest.swingui.logical.TVEntity" oid="DBBF6724-F0CF-ABBF-3633-2D5632BB8C97" otype="Entity" vid="3DDB9E77-5CCE-82A5-9CFA-2730888B9D5E">
<hideElementsInCurrentOnly>false</hideElementsInCurrentOnly>
<bounds x="304" y="327" width="167" height="59"/>
</OView>
</objectViews>
<connectors>
<Connector class="oracle.dbtools.crest.swingui.logical.TVRelation" oid="002DA2EC-E6B9-4FF7-DDE9-044DE4B73D41" otype="Relation" vid_source="152AF465-48C9-C127-4331-95EB65FB5EE8" vid_target="2D9692C1-5F31-72D9-EF00-ACAE00339F38">
<hideElementsInCurrentOnly>false</hideElementsInCurrentOnly>
<backgroundColor>-16777216</backgroundColor>
<lineWidth>1</lineWidth>
<points>
<point x="911" y="499"/>
<point x="700" y="369"/>
</points>
</Connector>
<Connector class="oracle.dbtools.crest.swingui.logical.TVRelation" oid="06991B56-975B-DC91-2B83-A2BBC5AAD708" otype="Relation" vid_source="1334A598-CA08-49B0-9170-55EA425C1B1E" vid_target="986362C9-2D93-D0B8-1814-EDCA0D3D65EE">
<hideElementsInCurrentOnly>false</hideElementsInCurrentOnly>
<backgroundColor>-16777216</backgroundColor>
<lineWidth>1</lineWidth>
<points>
<point x="670" y="109"/>
<point x="766" y="179"/>
</points>
</Connector>
<Connector class="oracle.dbtools.crest.swingui.logical.TVRelation" oid="24AD6112-E7D0-04EE-1080-C6A416AB381D" otype="Relation" vid_source="70459F38-1373-9C3B-7405-4BD6774FA1D1" vid_target="6C1064CB-9306-5680-82D1-D0390C91EE10">
<hideElementsInCurrentOnly>false</hideElementsInCurrentOnly>
<backgroundColor>-16777216</backgroundColor>
<lineWidth>1</lineWidth>
<points>
<point x="115" y="102"/>
<point x="113" y="333"/>
</points>
</Connector>
<Connector class="oracle.dbtools.crest.swingui.logical.TVRelation" oid="4621F349-A8A1-91CC-455D-5399ED0893EB" otype="Relation" vid_source="1334A598-CA08-49B0-9170-55EA425C1B1E" vid_target="2D9692C1-5F31-72D9-EF00-ACAE00339F38">
<hideElementsInCurrentOnly>false</hideElementsInCurrentOnly>
<backgroundColor>-16777216</backgroundColor>
<lineWidth>1</lineWidth>
<points>
<point x="645" y="109"/>
<point x="645" y="300"/>
</points>
</Connector>
<Connector class="oracle.dbtools.crest.swingui.logical.TVRelation" oid="74457EFB-75E6-A298-990E-F926072A3F90" otype="Relation" vid_source="FF036532-B599-77FC-65B0-732E34301AF9" vid_target="82DF2E6D-C02A-3C76-3769-231414A60AEF">
<hideElementsInCurrentOnly>false</hideElementsInCurrentOnly>
<backgroundColor>-16777216</backgroundColor>
<lineWidth>1</lineWidth>
<points>
<point x="315" y="109"/>
<point x="287" y="180"/>
</points>
</Connector>
<Connector class="oracle.dbtools.crest.swingui.logical.TVRelation" oid="80174CC2-0B98-9599-3F4C-14A3ED8F5317" otype="Relation" vid_source="FF036532-B599-77FC-65B0-732E34301AF9" vid_target="9B9069E3-90B9-DC01-AFE2-FDBDE193A46E">
<hideElementsInCurrentOnly>false</hideElementsInCurrentOnly>
<backgroundColor>-16777216</backgroundColor>
<lineWidth>1</lineWidth>
<points>
<point x="432" y="109"/>
<point x="448" y="180"/>
</points>
</Connector>
<Connector class="oracle.dbtools.crest.swingui.logical.TVRelation" oid="82DEB466-BB70-EF9C-7D5E-522B762FA7FF" otype="Relation" vid_source="7447722D-800C-B9AD-3873-F67F12DC988A" vid_target="986362C9-2D93-D0B8-1814-EDCA0D3D65EE">
<hideElementsInCurrentOnly>false</hideElementsInCurrentOnly>
<backgroundColor>-16777216</backgroundColor>
<lineWidth>1</lineWidth>
<points>
<point x="849" y="115"/>
<point x="849" y="179"/>
</points>
</Connector>
<Connector class="oracle.dbtools.crest.swingui.logical.TVRelation" oid="9303284B-D3F3-2265-436D-D9663AE0E079" otype="Relation" vid_source="70459F38-1373-9C3B-7405-4BD6774FA1D1" vid_target="82DF2E6D-C02A-3C76-3769-231414A60AEF">
<hideElementsInCurrentOnly>false</hideElementsInCurrentOnly>
<backgroundColor>-16777216</backgroundColor>
<lineWidth>1</lineWidth>
<points>
<point x="168" y="102"/>
<point x="197" y="180"/>
</points>
</Connector>
<Connector class="oracle.dbtools.crest.swingui.logical.TVRelation" oid="B73B90CD-C041-AEBF-FC72-135FF254C29C" otype="Relation" vid_source="1334A598-CA08-49B0-9170-55EA425C1B1E" vid_target="9B9069E3-90B9-DC01-AFE2-FDBDE193A46E">
<hideElementsInCurrentOnly>false</hideElementsInCurrentOnly>
<backgroundColor>-16777216</backgroundColor>
<lineWidth>1</lineWidth>
<points>
<point x="559" y="109"/>
<point x="522" y="180"/>
</points>
</Connector>
</connectors>
</Diagram>