<?xml version = '1.0' encoding = 'UTF-8'?>
<Diagram class="oracle.dbtools.crest.swingui.relational.DPVRelational" name="Relational_1" id="0912BD24-6C96-5CA8-5074-1C605535CD66">
<createdBy>ITLocaliza</createdBy>
<modifiedBy>ITLocaliza</modifiedBy>
<createdTime>2023-09-04 13:44:03 UTC</createdTime>
<autoRoute>false</autoRoute>
<boxInbox>true</boxInbox>
<showLegend>false</showLegend>
<showLabels>false</showLabels>
<showRelAttributes>false</showRelAttributes>
<gridEnabled>false</gridEnabled>
<showGrid>false</showGrid>
<diagramColor>-1</diagramColor>
<display>false</display>
<notation>1</notation>
<objectViews>
<OView class="oracle.dbtools.crest.swingui.relational.TVTable" oid="087BE730-A132-7DEC-D06F-E1862D8B32FA" otype="Table" vid="294C0BB4-9825-02D2-9E92-9D11F278AB5E">
<hideElementsInCurrentOnly>false</hideElementsInCurrentOnly>
<bounds x="19" y="432" width="241" height="125"/>
</OView>
<OView class="oracle.dbtools.crest.swingui.relational.TVTable" oid="2EAC3235-241C-A2FA-A39E-22F5D54579E2" otype="Table" vid="9842DD1A-04D8-3DE2-958C-8F2C9399ECCE">
<hideElementsInCurrentOnly>false</hideElementsInCurrentOnly>
<bounds x="898" y="26" width="221" height="170"/>
</OView>
<OView class="oracle.dbtools.crest.swingui.relational.TVTable" oid="356B3DF4-8C44-84AC-7726-B1E1932F9668" otype="Table" vid="6ACC3CCB-8E8D-DC89-F92A-A43C4AC7AB43">
<hideElementsInCurrentOnly>false</hideElementsInCurrentOnly>
<bounds x="437" y="266" width="298" height="141"/>
</OView>
<OView class="oracle.dbtools.crest.swingui.relational.TVTable" oid="6555296A-4222-E570-437D-3186098E8C47" otype="Table" vid="CC698D88-1533-D59B-65F1-77861BB23DD5">
<hideElementsInCurrentOnly>false</hideElementsInCurrentOnly>
<bounds x="263" y="32" width="222" height="169"/>
</OView>
<OView class="oracle.dbtools.crest.swingui.relational.TVTable" oid="74D9995A-92BA-08F2-338C-49A53EFE773E" otype="Table" vid="C939614E-BD82-821A-8254-E551284DA2B8">
<hideElementsInCurrentOnly>false</hideElementsInCurrentOnly>
<bounds x="818" y="631" width="248" height="82"/>
</OView>
<OView class="oracle.dbtools.crest.swingui.relational.TVTable" oid="8E8D775E-E810-4DA1-3768-CD7885607D47" otype="Table" vid="279E1AA8-AB24-7BCC-66AF-FF9C7F0EC292">
<hideElementsInCurrentOnly>false</hideElementsInCurrentOnly>
<bounds x="283" y="431" width="200" height="125"/>
</OView>
<OView class="oracle.dbtools.crest.swingui.relational.TVTable" oid="8F7E78FD-ECB5-CAC8-6DA3-369F2C30845B" otype="Table" vid="92456B33-E591-ADD8-8A3F-695702146DAD">
<hideElementsInCurrentOnly>false</hideElementsInCurrentOnly>
<bounds x="495" y="429" width="204" height="127"/>
</OView>
<OView class="oracle.dbtools.crest.swingui.relational.TVTable" oid="9AE864E0-57E8-B386-4C08-A067070DF36B" otype="Table" vid="76A9BDB0-826D-BA2A-4EF4-26811798F641">
<hideElementsInCurrentOnly>false</hideElementsInCurrentOnly>
<bounds x="718" y="432" width="397" height="125"/>
</OView>
<OView class="oracle.dbtools.crest.swingui.relational.TVTable" oid="B40C34CA-CD43-6384-007F-16A09FCC5AE2" otype="Table" vid="09E211D2-E17E-F3A0-B598-A39548C5B0D6">
<hideElementsInCurrentOnly>false</hideElementsInCurrentOnly>
<bounds x="20" y="32" width="208" height="171"/>
</OView>
<OView class="oracle.dbtools.crest.swingui.relational.TVTable" oid="C2888592-AF50-825C-7E47-2974652A4217" otype="Table" vid="ACDA1168-AE9D-79DD-A8B2-A33A4D04E1EC">
<hideElementsInCurrentOnly>false</hideElementsInCurrentOnly>
<bounds x="627" y="26" width="233" height="182"/>
</OView>
<OView class="oracle.dbtools.crest.swingui.relational.TVTable" oid="CD84C23D-47FD-147D-F837-45D53FDD2FBE" otype="Table" vid="72305874-FC6A-9F88-CB9A-6517823C5FD7">
<hideElementsInCurrentOnly>false</hideElementsInCurrentOnly>
<bounds x="804" y="263" width="298" height="147"/>
</OView>
<OView class="oracle.dbtools.crest.swingui.relational.TVTable" oid="E3CC1395-CC72-E5BE-037E-F052E9BB67C6" otype="Table" vid="78744CB4-7BE5-806B-3E22-F70D2C29A01B">
<hideElementsInCurrentOnly>false</hideElementsInCurrentOnly>
<bounds x="134" y="266" width="283" height="141"/>
</OView>
</objectViews>
<connectors>
<Connector class="oracle.dbtools.crest.swingui.relational.TVFKRelation" oid="276F40D6-C74B-7CB7-96FF-CBDD17DA7540" otype="FKIndexAssociation" vid_source="C939614E-BD82-821A-8254-E551284DA2B8" vid_target="76A9BDB0-826D-BA2A-4EF4-26811798F641">
<hideElementsInCurrentOnly>false</hideElementsInCurrentOnly>
<backgroundColor>-16777216</backgroundColor>
<lineWidth>1</lineWidth>
<points>
<point x="942" y="631"/>
<point x="942" y="557"/>
</points>
</Connector>
<Connector class="oracle.dbtools.crest.swingui.relational.TVFKRelation" oid="60C9C3F1-88A5-8760-2932-267856E66A88" otype="FKIndexAssociation" vid_source="CC698D88-1533-D59B-65F1-77861BB23DD5" vid_target="78744CB4-7BE5-806B-3E22-F70D2C29A01B">
<hideElementsInCurrentOnly>false</hideElementsInCurrentOnly>
<backgroundColor>-16777216</backgroundColor>
<lineWidth>1</lineWidth>
<points>
<point x="340" y="201"/>
<point x="340" y="266"/>
</points>
</Connector>
<Connector class="oracle.dbtools.crest.swingui.relational.TVFKRelation" oid="6663BF08-5488-37BB-9BF6-ABCD3A6FFBED" otype="FKIndexAssociation" vid_source="09E211D2-E17E-F3A0-B598-A39548C5B0D6" vid_target="78744CB4-7BE5-806B-3E22-F70D2C29A01B">
<hideElementsInCurrentOnly>false</hideElementsInCurrentOnly>
<backgroundColor>-16777216</backgroundColor>
<lineWidth>1</lineWidth>
<points>
<point x="181" y="203"/>
<point x="181" y="266"/>
</points>
</Connector>
<Connector class="oracle.dbtools.crest.swingui.relational.TVFKRelation" oid="88B11D83-8BE7-BAF4-1DC7-D5B2EF8FE12C" otype="FKIndexAssociation" vid_source="ACDA1168-AE9D-79DD-A8B2-A33A4D04E1EC" vid_target="72305874-FC6A-9F88-CB9A-6517823C5FD7">
<hideElementsInCurrentOnly>false</hideElementsInCurrentOnly>
<backgroundColor>-16777216</backgroundColor>
<lineWidth>1</lineWidth>
<points>
<point x="832" y="208"/>
<point x="832" y="263"/>
</points>
</Connector>
<Connector class="oracle.dbtools.crest.swingui.relational.TVFKRelation" oid="9EA79BA6-C104-9637-61BA-1976F1FEAEAF" otype="FKIndexAssociation" vid_source="ACDA1168-AE9D-79DD-A8B2-A33A4D04E1EC" vid_target="76A9BDB0-826D-BA2A-4EF4-26811798F641">
<hideElementsInCurrentOnly>false</hideElementsInCurrentOnly>
<backgroundColor>-16777216</backgroundColor>
<lineWidth>1</lineWidth>
<points>
<point x="789" y="208"/>
<point x="789" y="432"/>
</points>
</Connector>
<Connector class="oracle.dbtools.crest.swingui.relational.TVFKRelation" oid="AE5455F0-B695-ED33-2702-48EF1FF5ED86" otype="FKIndexAssociation" vid_source="CC698D88-1533-D59B-65F1-77861BB23DD5" vid_target="6ACC3CCB-8E8D-DC89-F92A-A43C4AC7AB43">
<hideElementsInCurrentOnly>false</hideElementsInCurrentOnly>
<backgroundColor>-16777216</backgroundColor>
<lineWidth>1</lineWidth>
<points>
<point x="461" y="201"/>
<point x="461" y="266"/>
</points>
</Connector>
<Connector class="oracle.dbtools.crest.swingui.relational.TVFKRelation" oid="C73A40BF-0D2B-767E-A775-5960D1DC589D" otype="FKIndexAssociation" vid_source="9842DD1A-04D8-3DE2-958C-8F2C9399ECCE" vid_target="72305874-FC6A-9F88-CB9A-6517823C5FD7">
<hideElementsInCurrentOnly>false</hideElementsInCurrentOnly>
<backgroundColor>-16777216</backgroundColor>
<lineWidth>1</lineWidth>
<points>
<point x="1000" y="196"/>
<point x="1000" y="263"/>
</points>
</Connector>
<Connector class="oracle.dbtools.crest.swingui.relational.TVFKRelation" oid="C946A9B0-293F-D270-9E9A-5DFCB58ECD70" otype="FKIndexAssociation" vid_source="09E211D2-E17E-F3A0-B598-A39548C5B0D6" vid_target="294C0BB4-9825-02D2-9E92-9D11F278AB5E">
<hideElementsInCurrentOnly>false</hideElementsInCurrentOnly>
<backgroundColor>-16777216</backgroundColor>
<lineWidth>1</lineWidth>
<points>
<point x="124" y="203"/>
<point x="124" y="432"/>
</points>
</Connector>
<Connector class="oracle.dbtools.crest.swingui.relational.TVFKRelation" oid="DCF70160-207E-5728-9A57-D330680ACE22" otype="FKIndexAssociation" vid_source="ACDA1168-AE9D-79DD-A8B2-A33A4D04E1EC" vid_target="6ACC3CCB-8E8D-DC89-F92A-A43C4AC7AB43">
<hideElementsInCurrentOnly>false</hideElementsInCurrentOnly>
<backgroundColor>-16777216</backgroundColor>
<lineWidth>1</lineWidth>
<points>
<point x="681" y="208"/>
<point x="681" y="266"/>
</points>
</Connector>
</connectors>
</Diagram>